qid,label
Q52,Wikipedia
Q328,English Wikipedia
Q8447,French Wikipedia
Q8449,Spanish Wikipedia
Q10000,Dutch Wikipedia
Q11913,Bulgarian Wikipedia
Q11918,Greek Wikipedia
Q11920,Italian Wikipedia
Q11921,Portuguese Wikipedia
Q12237,Latin Wikipedia
Q14380,Slovene Wikipedia
Q17985,Korean Wikipedia
Q30239,Chinese Wikipedia
Q38288,Zazaki Wikipedia
Q45041,Lezgian Wikipedia
Q48183,German Wikipedia
Q48952,Persian Wikipedia
Q53464,Hungarian Wikipedia
Q58172,Kazakh Wikipedia
Q58209,Bashkir Wikipedia
Q58215,Chuvash Wikipedia
Q58251,Azerbaijani Wikipedia
Q58255,Turkish Wikipedia
Q58679,Serbo-Croatian Wikipedia
Q58781,Rusyn Wikipedia
Q60786,Crimean Tatar Wikipedia
Q60799,Kyrgyz Wikipedia
Q60819,Tatar Wikipedia
Q60856,Uyghur Wikipedia
Q79633,Gagauz Wikipedia
Q79636,Karakalpak Wikipedia
Q155214,Indonesian Wikipedia
Q169514,Swedish Wikipedia
Q175482,Finnish Wikipedia
Q177837,Japanese Wikipedia
Q181163,Danish Wikipedia
Q190551,Esperanto Wikipedia
Q191168,Czech Wikipedia
Q192582,Slovak Wikipedia
Q199693,Catalan Wikipedia
Q199698,Ukrainian Wikipedia
Q199700,Arabic Wikipedia
Q199864,Romanian Wikipedia
Q199913,Hebrew Wikipedia
Q200060,Estonian Wikipedia
Q200180,Vietnamese Wikipedia
Q200183,Simple English Wikipedia
Q200386,Serbian Wikipedia
Q202472,Lithuanian Wikipedia
Q203488,Croatian Wikipedia
Q206855,Russian Wikipedia
Q207260,Basque Wikipedia
Q208533,Albanian Wikipedia
Q221444,Udmurt Wikipedia
Q225594,Yakut Wikipedia
Q226150,Ossetian Wikipedia
Q427715,Bangla Wikipedia
Q511754,Turkmen Wikipedia
Q547271,Old Church Slavonic Wikipedia
Q565074,Thai Wikipedia
Q571001,Tok Pisin Wikipedia
Q588620,Kapampangan Wikipedia
Q595628,Occitan Wikipedia
Q714826,Volapük Wikipedia
Q718394,Icelandic Wikipedia
Q722040,Hindi Wikipedia
Q722243,Swahili Wikipedia
Q728945,Latvian Wikipedia
Q766705,Afrikaans Wikipedia
Q824297,Meadow Mari Wikipedia
Q837615,Cebuano Wikipedia
Q841208,Galician Wikipedia
Q842341,Macedonian Wikipedia
Q844491,Tamil Wikipedia
Q845993,Malay Wikipedia
Q846630,Min Dong Wikipedia
Q846871,Breton Wikipedia
Q848046,Telugu Wikipedia
Q848525,Welsh Wikipedia
Q848974,Georgian Wikipedia
Q856881,Erzyan Wikipedia
Q874555,Malayalam Wikipedia
Q875631,Irish Wikipedia
Q877583,Belarusian Wikipedia
Q877685,Tagalog Wikipedia
Q925661,Komi Wikipedia
Q928808,Maldivian Wikipedia
Q940309,Silesian Wikipedia
Q950058,Luxembourgish Wikipedia
Q966609,Sundanese Wikipedia
Q1034940,Hill Mari Wikipedia
Q1047829,Bosnian Wikipedia
Q1047851,Neapolitan Wikipedia
Q1055841,Venetian Wikipedia
Q1058430,Sicilian Wikipedia
Q1066461,Haitian Creole Wikipedia
Q1067878,Urdu Wikipedia
Q1071918,Asturian Wikipedia
Q1110233,Wu Chinese Wikipedia
Q1116066,Komi-Permyak Wikipedia
Q1132977,Walloon Wikipedia
Q1147071,Aragonese Wikipedia
Q1148240,Yoruba Wikipedia
Q1154766,Ido Wikipedia
Q1178461,Moksha Wikipedia
Q1190962,Cantonese Wikipedia
Q1211233,Alemannic Wikipedia
Q1249553,Karachay-Balkar Wikipedia
Q1287192,Bishnupriya Manipuri Wikipedia
Q1291627,Nepal Bhasa Wikipedia
Q1377618,Quechua Wikipedia
Q1378484,Literary Chinese Wikipedia
Q1444686,Scots Wikipedia
Q1551807,Polish Wikipedia
Q1574617,Dutch Low Saxon Wikipedia
Q1585232,Võro Wikipedia
Q1648786,Waray Wikipedia
Q1754193,Punjabi Gurmukhi Wikipedia
Q1961887,Bavarian Wikipedia
Q1968379,Yiddish Wikipedia
Q1975217,Armenian Wikipedia
Q2029239,Mingrelian Wikipedia
Q2073394,Aromanian Wikipedia
Q2081526,Uzbek Wikipedia
Q2091593,Tibetan Wikipedia
Q2111591,Zeelandic Wikipedia
Q2328409,Limburgish Wikipedia
Q2349453,Norwegian (Nynorsk) Wikipedia
Q2374285,Egyptian Arabic Wikipedia
Q2402143,Upper Sorbian Wikipedia
Q2587255,Sanskrit Wikipedia
Q2602203,West Frisian Wikipedia
Q2732019,Māori Wikipedia
Q2742472,Tajik Wikipedia
Q2744155,Nahuatl Wikipedia
Q2913253,Latgalian Wikipedia
Q2983979,Banjar Wikipedia
Q2996321,Siberian Wikipedia
Q2998037,Mongolian Wikipedia
Q3025527,Amharic Wikipedia
Q3025736,Pennsylvania German Wikipedia
Q3026819,Romansh Wikipedia
Q3046353,Piedmontese Wikipedia
Q3111179,Corsican Wikipedia
Q3112631,Tongan Wikipedia
Q3123304,Malagasy Wikipedia
Q3180091,Maltese Wikipedia
Q3180306,Gujarati Wikipedia
Q3181422,Kannada Wikipedia
Q3181928,Extremaduran Wikipedia
Q3239456,Minnan Wikipedia
Q3311132,Zhuang Wikipedia
Q3432470,Swazi Wikipedia
Q3477935,Javanese Wikipedia
Q3486726,Marathi Wikipedia
Q3568035,Abkhaz Wikipedia
Q3568038,West Flemish Wikipedia
Q3568039,Friulian Wikipedia
Q3568040,Saterland Frisian Wikipedia
Q3568041,Ripuarian Wikipedia
Q3568042,Greenlandic Wikipedia
Q3568043,Hawaiian Wikipedia
Q3568044,Khmer Wikipedia
Q3568045,Lao Wikipedia
Q3568046,Ligurian Wikipedia
Q3568048,Mazanderani Wikipedia
Q3568049,Moldovan Wikipedia
Q3568051,Norman Wikipedia
Q3568053,Picard Wikipedia
Q3568054,Pashto Wikipedia
Q3568056,Papiamento Wikipedia
Q3568059,Sardinian Wikipedia
Q3568060,Sranan Wikipedia
Q3568061,Tahitian Wikipedia
Q3568062,Tarantino Wikipedia
Q3568063,Tswana Wikipedia
Q3568065,Xhosa Wikipedia
Q3568066,Emiliano–Romagnolo Wikipedia
Q3568069,Samogitian Wikipedia
Q3696028,Punjabi Shahmukhi Wikipedia
Q3753095,Nauruan Wikipedia
Q3756269,Kashubian Wikipedia
Q3756562,Judaeo-Spanish Wikipedia
Q3757068,Interlingua Wikipedia
Q3807895,Guarani Wikipedia
Q3826575,Aymara Wikipedia
Q3913095,Inuktitut Wikipedia
Q3913160,Lombard Wikipedia
Q3944107,Gilaki Wikipedia
Q3957795,Acehnese Wikipedia
Q4077512,Banyumasan Wikipedia
Q4097773,Buginese Wikipedia
Q4107346,Veps Wikipedia
Q4115441,Northern Sami Wikipedia
Q4115463,Sorani Kurdish Wikipedia
Q4210231,Kalmyk Wikipedia
Q4296423,Minangkabau Wikipedia
Q4372058,Pontic Greek Wikipedia
Q4614845,Burmese Wikipedia
Q4783991,Chechen Wikipedia
Q4925786,Low German Wikipedia
Q5652665,Avar Wikipedia
Q6112922,Hakka Wikipedia
Q6125437,Gan Chinese Wikipedia
Q6167360,Interlingue Wikipedia
Q6587084,Lak Wikipedia
Q7102897,Odia Wikipedia
Q8042979,Faroese Wikipedia
Q8075204,Zulu Wikipedia
Q8558395,Afar Wikipedia
Q8558731,Akan Wikipedia
Q8558960,Old English Wikipedia
Q8559119,Assamese Wikipedia
Q8559737,Bambara Wikipedia
Q8560590,Nepali Wikipedia
Q8561147,Lower Sorbian Wikipedia
Q8561277,Bhojpuri Wikipedia
Q8561332,Bislama Wikipedia
Q8561415,Buryat Wikipedia
Q8561491,Cheyenne Wikipedia
Q8561552,Chewa Wikipedia
Q8561582,Cree Wikipedia
Q8561662,Dzongkha Wikipedia
Q8561870,Central Bikol Wikipedia
Q8562097,Ewe Wikipedia
Q8562272,Scottish Gaelic Wikipedia
Q8562481,Fiji Hindi Wikipedia
Q8562502,Fijian Wikipedia
Q8562529,Franco-Provençal Wikipedia
Q8562927,Fula Wikipedia
Q8563136,Gothic Wikipedia
Q8563393,Hausa Wikipedia
Q8563536,Hiri Motu Wikipedia
Q8563635,Igbo Wikipedia
Q8563685,Ilokano Wikipedia
Q8563863,Inupiat Wikipedia
Q8564352,Kabyle Wikipedia
Q8565254,Kanuri Wikipedia
Q8565447,Kashmiri Wikipedia
Q8565463,Kongo Wikipedia
Q8565476,Gikuyu Wikipedia
Q8565518,Kinyarwanda Wikipedia
Q8565742,Kirundi Wikipedia
Q8565801,Cornish Wikipedia
Q8565913,Kwanyama Wikipedia
Q8566298,Lingala Wikipedia
Q8566311,Lojban Wikipedia
Q8566347,Luganda Wikipedia
Q8566503,Manx Wikipedia
Q8568150,Marshallese Wikipedia
Q8568791,Mirandese Wikipedia
Q8569511,Muscogee Wikipedia
Q8569757,Navajo Wikipedia
Q8569782,Ndonga Wikipedia
Q8569951,Classical Syriac Wikipedia
Q8570048,Norfolk Wikipedia
Q8570353,Novial Wikipedia
Q8570425,Oromo Wikipedia
Q8570791,Pali Wikipedia
Q8571143,Romani Wikipedia
Q8571427,Samoan Wikipedia
Q8571487,Sango Wikipedia
Q8571809,Shona Wikipedia
Q8571840,Sindhi Wikipedia
Q8571954,Sinhala Wikipedia
Q8572132,Somali Wikipedia
Q8572199,Sotho Wikipedia
Q8575385,Tetum Wikipedia
Q8575467,Tigrinya Wikipedia
Q8575674,Tsonga Wikipedia
Q8575782,Tumbuka Wikipedia
Q8575885,Twi Wikipedia
Q8575930,Chavacano Wikipedia
Q8576190,Chamorro Wikipedia
Q8576237,Cherokee Wikipedia
Q8576395,Choctaw Wikipedia
Q8577029,Venda Wikipedia
Q8582589,Wolof Wikipedia
Q8582909,Nuosu Wikipedia
Q8669146,North Frisian Wikipedia
Q8927872,Herero Wikipedia
Q8937989,Belarusian (Taraškievica) Wikipedia
Q12265494,Pangasinan Wikipedia
Q13230970,Northern Sotho Wikipedia
Q13231253,Kabardian Wikipedia
Q13358221,Palatinate German Wikipedia
Q14948450,Tuvan Wikipedia
Q18508969,Maithili Wikipedia
Q20442276,Northern Luri Wikipedia
Q20726662,Goan Konkani Wikipedia
Q20789766,South Azerbaijani Wikipedia
Q22013259,Klingon Wikipedia
Q22676953,Adyghe Wikipedia
Q23948717,Jamaican Wikipedia
Q26235862,Tulu Wikipedia
Q27102215,Livvi-Karelian Wikipedia
Q28970868,Toki Pona Wikipedia (2004–2009)
Q28971705,Kabiye Wikipedia
Q29048035,Doteli Wikipedia
Q30286865,Atikamekw Wikipedia
Q32012187,Dinka Wikipedia
Q32176383,Norwegian Wikipedia (Bokmål and Riksmål)
Q47099246,Ingush Wikipedia
Q52047822,Lingua Franca Nova Wikipedia
Q52048523,Gorontalo Wikipedia
Q55950814,Santali Wikipedia
Q58832948,Shan Wikipedia
Q60437959,Western Armenian Wikipedia
Q68669691,N'Ko Wikipedia
Q70885480,Balinese Wikipedia
Q72145810,Mon Wikipedia
Q74731437,Guianan Creole Wikipedia
Q74732560,Sakizaya Wikipedia
Q92600463,Kurmanji Kurdish Wikipedia
Q94694371,Awadhi Wikipedia
Q97393723,Kotava Wikipedia
Q97393767,Moroccan Arabic Wikipedia
Q98442371,Ladin Wikipedia
Q100154036,Inari Sami Wikipedia
Q104115350,Madurese Wikipedia
Q104116398,Saraiki Wikipedia
Q104778087,Nias Wikipedia
Q105630329,Altai Wikipedia
Q105631325,Meitei Wikipedia
Q105723660,Atayal Wikipedia
Q105975521,Seediq Wikipedia
Q107228569,Tachelhit Wikipedia
Q107379932,Dagbanli Wikipedia
Q109660988,Amis Wikipedia
Q109661042,Paiwan Wikipedia
Q111343484,Gun Wikipedia
Q112042422,Tyap Wikipedia
Q113161446,Pa'O Wikipedia
Q113576853,Nigerian Pidgin Wikipedia
Q116927536,Wayuu Wikipedia
Q116927552,Farefare Wikipedia
Q117306515,Angika Wikipedia
Q117805986,Fante Wikipedia
Q118646488,Sylheti Wikipedia
Q120400616,Ghanaian Pidgin Wikipedia
Q122212356,Talysh Wikipedia
Q122930671,Fon Wikipedia
Q123351766,Toba Batak Wikipedia
Q123351833,Dagaare Wikipedia
Q123352442,Moroccan Amazigh Wikipedia
Q125573207,Igala Wikipedia
Q125573425,Kusaal Wikipedia
Q125573461,Betawi Wikipedia
Q126177532,Dusun Wikipedia
Q126787117,Mandailing Wikipedia
Q128694118,West Coast Bajaw Wikipedia
Q130389520,Komering Wikipedia
Q130389560,Wikipedia Mooré
Q130444839,Iban Wikipedia
Q130548769,Obolo Wikipedia
Q130548842,Pannonian Rusyn Wikipedia
Q130548871,Tai Nüa Wikipedia
Q130548922,Southern Ndebele Wikipedia
Q131443928,Tigre Wikipedia
Q132151215,Central Kanuri Wikipedia
Q134109374,Nupe Wikipedia
Q135750447,Rakhine Wikipedia
Q137040693,Toki Pona Wikipedia
Q137924376,Jju Wikipedia
Q137928727,Nawat Wikipedia
Q138580622,Karai-karai Wikipedia
Q140402376,Interslavic Wikipedia
Q140646279,Bole Wikipedia
Q140673675,Magahi Wikipedia
