class_id,entity_schema_id
84263196,196
87756246,192
88965416,203
89288125,195
95001953,367
96482904,229
98270496,326
82955,257
832778,376
838795,132
557141,216
855769,174
7318358,414
7379880,276
871232,445
916475,269
953806,417
87167,476
2500304,498
29934218,259
8054,167
8070,115
8072,80
808,170
73126803,296
8366,178
8502,339
9135,102
9135,179
9143,55
9259,142
220505,11
101352,734
125469362,426
126963803,56
126963815,65
128303559,15
131679239,75
1126556,345
10349745,238
1147395,133
202444,735
10567925,282
1172284,112
1172284,207
10655178,134
1546788,408
1229765,151
10853148,245
127448,250
131212,352
16222597,3
1348589,106
157570,198
162478,66
11266439,439
1569226,267
174989,145
175263,177
179551,217
179700,99
179959,33
179959,61
180673,71
1650915,153
1650915,225
1650915,371
182032,161
183368,392
186516,50
189118,243
1725788,321
1744559,139
193424,141
194188,213
1768043,140
202871,91
11879590,735
207621,110
12308941,735
219563,349
2020153,85
222344,28
2066131,53
2143825,375
2151232,295
27787439,12
13100073,442
13382576,21
13406463,450
13433827,444
13442814,292
13479680,332
13479982,82
13561328,341
13581129,218
15077007,419
15484785,366
16707842,228
17376908,135
17562848,394
18618819,30
19600329,111
19847637,360
21191270,19
22325163,186
21199,13
5,10
7187,75
254,66
16521,433
16917,187
16917,210
16917,211
16970,436
17422,215
91586285,244
100532807,244
102124203,336
102343039,271
106179098,297
106908720,422
107143326,318
113128961,379
113145171,406
115206846,403
115305900,434
115784320,126
121134938,405
121313211,408
235557,237
235557,79
253623,138
2235308,152
2325081,468
2338524,234
314003,206
277338,74
2441216,127
2661442,83
2668072,446
327333,330
79007,317
335214,157
366301,325
3241045,173
3282637,23
3331189,36
3464665,18
3467906,118
3512806,246
417841,233
427087,251
3605857,57
3624078,32
467717,47
477202,149
482994,248
486972,443
506572,147
3917681,249
525504,104
4117183,368
4167410,438
4167836,315
580922,185
4671277,45
607514,20
615980,283
618779,67
4936952,397
5185279,43
65943,448
5282129,323
5398426,17
692630,280
725744,156
6451172,197
24050099,235
6665312,190
24634210,418
7242811,58
26085352,31
26703203,206
27639076,220
28542014,129
28812506,242
28885102,351
29654788,247
32945461,291
45787211,193
47150325,472
47461344,35
53731850,471
53764732,429
23442,453
55990535,158
27169,447
28803,204
30612,189
318,441
31855,337
33506,125
33999,25
34442,317
34770,424
35666,369
51404,57
61855877,420
37748,107
39715,81
41176,270
41291,333
41960,120
4343,159
44559,128
47616,26
64027457,88
64154608,34
515,100
51632,435
523,440
65651503,94
65651503,95
67015883,277
67101749,278
69154911,421
7187,258
7278,432
6256,481
