run_id,metric_id,metric_name,table_name,property_id,rows,first_timestamp,last_timestamp
2399001,166,data_age_at_insertion_avg_delay_days,metric_on_property_value_float,569,147,2013-07-26 02:00:00+02:00,2025-07-23 02:00:00+02:00
2399001,166,data_age_at_insertion_avg_delay_days,metric_on_property_value_float,570,149,2013-06-26 02:00:00+02:00,2025-08-22 02:00:00+02:00
2399001,166,data_age_at_insertion_avg_delay_days,metric_on_property_value_float,571,148,2013-07-26 02:00:00+02:00,2025-08-22 02:00:00+02:00
2399001,166,data_age_at_insertion_avg_delay_days,metric_on_property_value_float,574,17,2013-06-26 02:00:00+02:00,2025-07-23 02:00:00+02:00
2399001,166,data_age_at_insertion_avg_delay_days,metric_on_property_value_float,575,128,2013-07-26 02:00:00+02:00,2025-07-23 02:00:00+02:00
2399001,166,data_age_at_insertion_avg_delay_days,metric_on_property_value_float,576,147,2013-08-25 02:00:00+02:00,2025-08-22 02:00:00+02:00
2399001,166,data_age_at_insertion_avg_delay_days,metric_on_property_value_float,577,149,2013-06-26 02:00:00+02:00,2025-08-22 02:00:00+02:00
2399001,166,data_age_at_insertion_avg_delay_days,metric_on_property_value_float,578,3,2016-09-08 02:00:00+02:00,2023-02-04 01:00:00+01:00
2399001,166,data_age_at_insertion_avg_delay_days,metric_on_property_value_float,580,149,2013-06-26 02:00:00+02:00,2025-08-22 02:00:00+02:00
2399001,166,data_age_at_insertion_avg_delay_days,metric_on_property_value_float,582,149,2013-06-26 02:00:00+02:00,2025-08-22 02:00:00+02:00
2399001,166,data_age_at_insertion_avg_delay_days,metric_on_property_value_float,585,149,2013-06-26 02:00:00+02:00,2025-08-22 02:00:00+02:00
2399001,166,data_age_at_insertion_avg_delay_days,metric_on_property_value_float,606,97,2013-06-26 02:00:00+02:00,2025-08-22 02:00:00+02:00
2399001,166,data_age_at_insertion_avg_delay_days,metric_on_property_value_float,619,147,2013-08-25 02:00:00+02:00,2025-08-22 02:00:00+02:00
2399001,166,data_age_at_insertion_avg_delay_days,metric_on_property_value_float,620,115,2014-03-23 01:00:00+01:00,2025-08-22 02:00:00+02:00
2399001,166,data_age_at_insertion_avg_delay_days,metric_on_property_value_float,621,49,2018-05-01 02:00:00+02:00,2025-07-23 02:00:00+02:00
2399001,166,data_age_at_insertion_avg_delay_days,metric_on_property_value_float,622,84,2015-07-16 02:00:00+02:00,2025-08-22 02:00:00+02:00
2399001,166,data_age_at_insertion_avg_delay_days,metric_on_property_value_float,729,132,2014-03-23 01:00:00+01:00,2025-08-22 02:00:00+02:00
2399001,166,data_age_at_insertion_avg_delay_days,metric_on_property_value_float,730,80,2014-04-22 02:00:00+02:00,2025-07-23 02:00:00+02:00
2399001,166,data_age_at_insertion_avg_delay_days,metric_on_property_value_float,746,93,2015-07-16 02:00:00+02:00,2025-08-22 02:00:00+02:00
2399001,166,data_age_at_insertion_avg_delay_days,metric_on_property_value_float,813,90,2014-07-21 02:00:00+02:00,2025-08-22 02:00:00+02:00
2399001,166,data_age_at_insertion_avg_delay_days,metric_on_property_value_float,1191,136,2014-05-22 02:00:00+02:00,2025-07-23 02:00:00+02:00
2399001,166,data_age_at_insertion_avg_delay_days,metric_on_property_value_float,1317,30,2014-06-21 02:00:00+02:00,2025-01-24 01:00:00+01:00
2399001,166,data_age_at_insertion_avg_delay_days,metric_on_property_value_float,1326,2,2020-02-20 01:00:00+01:00,2020-03-21 01:00:00+01:00
2399001,166,data_age_at_insertion_avg_delay_days,metric_on_property_value_float,1619,129,2015-02-16 01:00:00+01:00,2025-08-22 02:00:00+02:00
2399001,166,data_age_at_insertion_avg_delay_days,metric_on_property_value_float,1636,15,2018-07-30 02:00:00+02:00,2023-09-02 02:00:00+02:00
2399001,166,data_age_at_insertion_avg_delay_days,metric_on_property_value_float,2031,79,2017-05-06 02:00:00+02:00,2025-07-23 02:00:00+02:00
2399001,166,data_age_at_insertion_avg_delay_days,metric_on_property_value_float,2032,95,2017-05-06 02:00:00+02:00,2025-08-22 02:00:00+02:00
2399001,166,data_age_at_insertion_avg_delay_days,metric_on_property_value_float,2285,34,2015-11-13 01:00:00+01:00,2023-04-05 02:00:00+02:00
2399001,166,data_age_at_insertion_avg_delay_days,metric_on_property_value_float,2669,95,2017-01-06 01:00:00+01:00,2025-07-23 02:00:00+02:00
2399001,166,data_age_at_insertion_avg_delay_days,metric_on_property_value_float,2754,26,2016-10-08 02:00:00+02:00,2025-05-24 02:00:00+02:00
2399001,166,data_age_at_insertion_avg_delay_days,metric_on_property_value_float,2913,12,2016-10-08 02:00:00+02:00,2022-05-10 02:00:00+02:00
2399001,166,data_age_at_insertion_avg_delay_days,metric_on_property_value_float,2960,16,2016-10-08 02:00:00+02:00,2023-01-05 01:00:00+01:00
2399001,166,data_age_at_insertion_avg_delay_days,metric_on_property_value_float,3893,88,2017-05-06 02:00:00+02:00,2025-06-23 02:00:00+02:00
2399001,166,data_age_at_insertion_avg_delay_days,metric_on_property_value_float,3999,96,2017-08-04 02:00:00+02:00,2025-07-23 02:00:00+02:00
2399001,166,data_age_at_insertion_avg_delay_days,metric_on_property_value_float,4602,94,2018-01-01 01:00:00+01:00,2025-08-22 02:00:00+02:00
2399001,166,data_age_at_insertion_avg_delay_days,metric_on_property_value_float,5017,71,2018-11-27 01:00:00+01:00,2025-07-23 02:00:00+02:00
2399001,166,data_age_at_insertion_avg_delay_days,metric_on_property_value_float,5204,59,2019-07-25 02:00:00+02:00,2025-07-23 02:00:00+02:00
2399001,166,data_age_at_insertion_avg_delay_days,metric_on_property_value_float,6949,75,2019-07-25 02:00:00+02:00,2025-08-22 02:00:00+02:00
2399001,166,data_age_at_insertion_avg_delay_days,metric_on_property_value_float,7103,3,2020-04-20 02:00:00+02:00,2020-06-19 02:00:00+02:00
2399001,166,data_age_at_insertion_avg_delay_days,metric_on_property_value_float,7104,6,2019-09-23 02:00:00+02:00,2020-04-20 02:00:00+02:00
2399001,166,data_age_at_insertion_avg_delay_days,metric_on_property_value_float,7588,70,2019-12-22 01:00:00+01:00,2025-08-22 02:00:00+02:00
2399001,166,data_age_at_insertion_avg_delay_days,metric_on_property_value_float,7589,68,2019-12-22 01:00:00+01:00,2025-08-22 02:00:00+02:00
2399001,166,data_age_at_insertion_avg_delay_days,metric_on_property_value_float,8556,1,2020-11-16 01:00:00+01:00,2020-11-16 01:00:00+01:00
2399001,166,data_age_at_insertion_avg_delay_days,metric_on_property_value_float,9448,21,2023-01-05 01:00:00+01:00,2025-07-23 02:00:00+02:00
2399001,166,data_age_at_insertion_avg_delay_days,metric_on_property_value_float,9667,6,2022-11-06 01:00:00+01:00,2024-04-29 02:00:00+02:00
2399001,166,data_age_at_insertion_avg_delay_days,metric_on_property_value_float,10135,20,2022-01-10 01:00:00+01:00,2025-05-24 02:00:00+02:00
2399001,166,data_age_at_insertion_avg_delay_days,metric_on_property_value_float,10673,9,2024-02-29 01:00:00+01:00,2025-04-24 02:00:00+02:00
2399001,166,data_age_at_insertion_avg_delay_days,metric_on_property_value_float,10786,25,2022-10-07 02:00:00+02:00,2025-08-22 02:00:00+02:00
