timestamp,timeslice_start,preferences_step,preferences_cumulative
2012-11-28 00:00:00+00:00,2012-10-29 00:00:00+00:00,0,0
2012-12-28 00:00:00+00:00,2012-11-28 00:00:00+00:00,0,0
2013-01-27 00:00:00+00:00,2012-12-28 00:00:00+00:00,0,0
2013-02-26 00:00:00+00:00,2013-01-27 00:00:00+00:00,5,5
2013-03-28 00:00:00+00:00,2013-02-26 00:00:00+00:00,25,30
2013-04-27 00:00:00+00:00,2013-03-28 00:00:00+00:00,43,73
2013-05-27 00:00:00+00:00,2013-04-27 00:00:00+00:00,27223,27296
2013-06-26 00:00:00+00:00,2013-05-27 00:00:00+00:00,756,28052
2013-07-26 00:00:00+00:00,2013-06-26 00:00:00+00:00,25861,53913
2013-08-25 00:00:00+00:00,2013-07-26 00:00:00+00:00,5323,59236
2013-09-24 00:00:00+00:00,2013-08-25 00:00:00+00:00,1696,60932
2013-10-24 00:00:00+00:00,2013-09-24 00:00:00+00:00,41051,101983
2013-11-23 00:00:00+00:00,2013-10-24 00:00:00+00:00,36367,138350
2013-12-23 00:00:00+00:00,2013-11-23 00:00:00+00:00,928,139278
2014-01-22 00:00:00+00:00,2013-12-23 00:00:00+00:00,41694,180972
2014-02-21 00:00:00+00:00,2014-01-22 00:00:00+00:00,1311,182283
2014-03-23 00:00:00+00:00,2014-02-21 00:00:00+00:00,858,183141
2014-04-22 00:00:00+00:00,2014-03-23 00:00:00+00:00,472,183613
2014-05-22 00:00:00+00:00,2014-04-22 00:00:00+00:00,421,184034
2014-06-21 00:00:00+00:00,2014-05-22 00:00:00+00:00,601,184635
2014-07-21 00:00:00+00:00,2014-06-21 00:00:00+00:00,68753,253388
2014-08-20 00:00:00+00:00,2014-07-21 00:00:00+00:00,2842,256230
2014-09-19 00:00:00+00:00,2014-08-20 00:00:00+00:00,951,257181
2014-10-19 00:00:00+00:00,2014-09-19 00:00:00+00:00,67492,324673
2014-11-18 00:00:00+00:00,2014-10-19 00:00:00+00:00,117485,442158
2014-12-18 00:00:00+00:00,2014-11-18 00:00:00+00:00,33012,475170
2015-01-17 00:00:00+00:00,2014-12-18 00:00:00+00:00,70731,545901
2015-02-16 00:00:00+00:00,2015-01-17 00:00:00+00:00,128949,674850
2015-03-18 00:00:00+00:00,2015-02-16 00:00:00+00:00,40317,715167
2015-04-17 00:00:00+00:00,2015-03-18 00:00:00+00:00,86052,801219
2015-05-17 00:00:00+00:00,2015-04-17 00:00:00+00:00,51810,853029
2015-06-16 00:00:00+00:00,2015-05-17 00:00:00+00:00,74469,927498
2015-07-16 00:00:00+00:00,2015-06-16 00:00:00+00:00,79348,1006846
2015-08-15 00:00:00+00:00,2015-07-16 00:00:00+00:00,831296,1838142
2015-09-14 00:00:00+00:00,2015-08-15 00:00:00+00:00,835246,2673388
2015-10-14 00:00:00+00:00,2015-09-14 00:00:00+00:00,2069290,4742678
2015-11-13 00:00:00+00:00,2015-10-14 00:00:00+00:00,1245362,5988040
2015-12-13 00:00:00+00:00,2015-11-13 00:00:00+00:00,1173305,7161345
2016-01-12 00:00:00+00:00,2015-12-13 00:00:00+00:00,168553,7329898
2016-02-11 00:00:00+00:00,2016-01-12 00:00:00+00:00,842704,8172602
2016-03-12 00:00:00+00:00,2016-02-11 00:00:00+00:00,3201374,11373976
2016-04-11 00:00:00+00:00,2016-03-12 00:00:00+00:00,885971,12259947
2016-05-11 00:00:00+00:00,2016-04-11 00:00:00+00:00,11597,12271544
2016-06-10 00:00:00+00:00,2016-05-11 00:00:00+00:00,201976,12473520
2016-07-10 00:00:00+00:00,2016-06-10 00:00:00+00:00,56582,12530102
2016-08-09 00:00:00+00:00,2016-07-10 00:00:00+00:00,25483,12555585
2016-09-08 00:00:00+00:00,2016-08-09 00:00:00+00:00,114704,12670289
2016-10-08 00:00:00+00:00,2016-09-08 00:00:00+00:00,230948,12901237
2016-11-07 00:00:00+00:00,2016-10-08 00:00:00+00:00,894542,13795779
2016-12-07 00:00:00+00:00,2016-11-07 00:00:00+00:00,1000619,14796398
2017-01-06 00:00:00+00:00,2016-12-07 00:00:00+00:00,1029932,15826330
2017-02-05 00:00:00+00:00,2017-01-06 00:00:00+00:00,7630699,23457029
2017-03-07 00:00:00+00:00,2017-02-05 00:00:00+00:00,566779,24023808
2017-04-06 00:00:00+00:00,2017-03-07 00:00:00+00:00,2284843,26308651
2017-05-06 00:00:00+00:00,2017-04-06 00:00:00+00:00,1841424,28150075
2017-06-05 00:00:00+00:00,2017-05-06 00:00:00+00:00,892982,29043057
2017-07-05 00:00:00+00:00,2017-06-05 00:00:00+00:00,1286262,30329319
2017-08-04 00:00:00+00:00,2017-07-05 00:00:00+00:00,3089461,33418780
2017-09-03 00:00:00+00:00,2017-08-04 00:00:00+00:00,1340354,34759134
2017-10-03 00:00:00+00:00,2017-09-03 00:00:00+00:00,11916798,46675932
2017-11-02 00:00:00+00:00,2017-10-03 00:00:00+00:00,2854792,49530724
2017-12-02 00:00:00+00:00,2017-11-02 00:00:00+00:00,313596,49844320
2018-01-01 00:00:00+00:00,2017-12-02 00:00:00+00:00,1368039,51212359
2018-01-31 00:00:00+00:00,2018-01-01 00:00:00+00:00,726390,51938749
2018-03-02 00:00:00+00:00,2018-01-31 00:00:00+00:00,656083,52594832
2018-04-01 00:00:00+00:00,2018-03-02 00:00:00+00:00,960700,53555532
2018-05-01 00:00:00+00:00,2018-04-01 00:00:00+00:00,40070,53595602
2018-05-31 00:00:00+00:00,2018-05-01 00:00:00+00:00,615243,54210845
2018-06-30 00:00:00+00:00,2018-05-31 00:00:00+00:00,2981789,57192634
2018-07-30 00:00:00+00:00,2018-06-30 00:00:00+00:00,832732,58025366
2018-08-29 00:00:00+00:00,2018-07-30 00:00:00+00:00,2108073,60133439
2018-09-28 00:00:00+00:00,2018-08-29 00:00:00+00:00,1028656,61162095
2018-10-28 00:00:00+00:00,2018-09-28 00:00:00+00:00,1486511,62648606
2018-11-27 00:00:00+00:00,2018-10-28 00:00:00+00:00,3416605,66065211
2018-12-27 00:00:00+00:00,2018-11-27 00:00:00+00:00,1622740,67687951
2019-01-26 00:00:00+00:00,2018-12-27 00:00:00+00:00,2091170,69779121
2019-02-25 00:00:00+00:00,2019-01-26 00:00:00+00:00,442853,70221974
2019-03-27 00:00:00+00:00,2019-02-25 00:00:00+00:00,10736715,80958689
2019-04-26 00:00:00+00:00,2019-03-27 00:00:00+00:00,1745102,82703791
2019-05-26 00:00:00+00:00,2019-04-26 00:00:00+00:00,1993035,84696826
2019-06-25 00:00:00+00:00,2019-05-26 00:00:00+00:00,367292,85064118
2019-07-25 00:00:00+00:00,2019-06-25 00:00:00+00:00,129057,85193175
2019-08-24 00:00:00+00:00,2019-07-25 00:00:00+00:00,93964,85287139
2019-09-23 00:00:00+00:00,2019-08-24 00:00:00+00:00,1507716,86794855
2019-10-23 00:00:00+00:00,2019-09-23 00:00:00+00:00,6934849,93729704
2019-11-22 00:00:00+00:00,2019-10-23 00:00:00+00:00,6561821,100291525
2019-12-22 00:00:00+00:00,2019-11-22 00:00:00+00:00,3006498,103298023
2020-01-21 00:00:00+00:00,2019-12-22 00:00:00+00:00,10351425,113649448
2020-02-20 00:00:00+00:00,2020-01-21 00:00:00+00:00,8562173,122211621
2020-03-21 00:00:00+00:00,2020-02-20 00:00:00+00:00,10810440,133022061
2020-04-20 00:00:00+00:00,2020-03-21 00:00:00+00:00,9228091,142250152
2020-05-20 00:00:00+00:00,2020-04-20 00:00:00+00:00,2271617,144521769
2020-06-19 00:00:00+00:00,2020-05-20 00:00:00+00:00,8487835,153009604
2020-07-19 00:00:00+00:00,2020-06-19 00:00:00+00:00,147728,153157332
2020-08-18 00:00:00+00:00,2020-07-19 00:00:00+00:00,706468,153863800
2020-09-17 00:00:00+00:00,2020-08-18 00:00:00+00:00,202403,154066203
2020-10-17 00:00:00+00:00,2020-09-17 00:00:00+00:00,48725,154114928
2020-11-16 00:00:00+00:00,2020-10-17 00:00:00+00:00,44969,154159897
2020-12-16 00:00:00+00:00,2020-11-16 00:00:00+00:00,747247,154907144
2021-01-15 00:00:00+00:00,2020-12-16 00:00:00+00:00,150515,155057659
2021-02-14 00:00:00+00:00,2021-01-15 00:00:00+00:00,94952,155152611
2021-03-16 00:00:00+00:00,2021-02-14 00:00:00+00:00,708759,155861370
2021-04-15 00:00:00+00:00,2021-03-16 00:00:00+00:00,836755,156698125
2021-05-15 00:00:00+00:00,2021-04-15 00:00:00+00:00,22892,156721017
2021-06-14 00:00:00+00:00,2021-05-15 00:00:00+00:00,1461172,158182189
2021-07-14 00:00:00+00:00,2021-06-14 00:00:00+00:00,215662,158397851
2021-08-13 00:00:00+00:00,2021-07-14 00:00:00+00:00,38390,158436241
2021-09-12 00:00:00+00:00,2021-08-13 00:00:00+00:00,25217,158461458
2021-10-12 00:00:00+00:00,2021-09-12 00:00:00+00:00,391116,158852574
2021-11-11 00:00:00+00:00,2021-10-12 00:00:00+00:00,699452,159552026
2021-12-11 00:00:00+00:00,2021-11-11 00:00:00+00:00,399572,159951598
2022-01-10 00:00:00+00:00,2021-12-11 00:00:00+00:00,932112,160883710
2022-02-09 00:00:00+00:00,2022-01-10 00:00:00+00:00,810676,161694386
2022-03-11 00:00:00+00:00,2022-02-09 00:00:00+00:00,758345,162452731
2022-04-10 00:00:00+00:00,2022-03-11 00:00:00+00:00,43527,162496258
2022-05-10 00:00:00+00:00,2022-04-10 00:00:00+00:00,995672,163491930
2022-06-09 00:00:00+00:00,2022-05-10 00:00:00+00:00,496435,163988365
2022-07-09 00:00:00+00:00,2022-06-09 00:00:00+00:00,320636,164309001
2022-08-08 00:00:00+00:00,2022-07-09 00:00:00+00:00,593442,164902443
2022-09-07 00:00:00+00:00,2022-08-08 00:00:00+00:00,22285,164924728
2022-10-07 00:00:00+00:00,2022-09-07 00:00:00+00:00,243132,165167860
2022-11-06 00:00:00+00:00,2022-10-07 00:00:00+00:00,730087,165897947
2022-12-06 00:00:00+00:00,2022-11-06 00:00:00+00:00,23403,165921350
2023-01-05 00:00:00+00:00,2022-12-06 00:00:00+00:00,193754,166115104
2023-02-04 00:00:00+00:00,2023-01-05 00:00:00+00:00,1540824,167655928
2023-03-06 00:00:00+00:00,2023-02-04 00:00:00+00:00,55822,167711750
2023-04-05 00:00:00+00:00,2023-03-06 00:00:00+00:00,23826,167735576
2023-05-05 00:00:00+00:00,2023-04-05 00:00:00+00:00,141644,167877220
2023-06-04 00:00:00+00:00,2023-05-05 00:00:00+00:00,317896,168195116
2023-07-04 00:00:00+00:00,2023-06-04 00:00:00+00:00,68381,168263497
2023-08-03 00:00:00+00:00,2023-07-04 00:00:00+00:00,28604,168292101
2023-09-02 00:00:00+00:00,2023-08-03 00:00:00+00:00,120000,168412101
2023-10-02 00:00:00+00:00,2023-09-02 00:00:00+00:00,113842,168525943
2023-11-01 00:00:00+00:00,2023-10-02 00:00:00+00:00,159438,168685381
2023-12-01 00:00:00+00:00,2023-11-01 00:00:00+00:00,144350,168829731
2023-12-31 00:00:00+00:00,2023-12-01 00:00:00+00:00,367684,169197415
2024-01-30 00:00:00+00:00,2023-12-31 00:00:00+00:00,297743,169495158
2024-02-29 00:00:00+00:00,2024-01-30 00:00:00+00:00,33338,169528496
2024-03-30 00:00:00+00:00,2024-02-29 00:00:00+00:00,67418,169595914
2024-04-29 00:00:00+00:00,2024-03-30 00:00:00+00:00,121096,169717010
2024-05-29 00:00:00+00:00,2024-04-29 00:00:00+00:00,100110,169817120
2024-06-28 00:00:00+00:00,2024-05-29 00:00:00+00:00,365985,170183105
2024-07-28 00:00:00+00:00,2024-06-28 00:00:00+00:00,1190056,171373161
2024-08-27 00:00:00+00:00,2024-07-28 00:00:00+00:00,45798,171418959
2024-09-26 00:00:00+00:00,2024-08-27 00:00:00+00:00,297175,171716134
2024-10-26 00:00:00+00:00,2024-09-26 00:00:00+00:00,429314,172145448
2024-11-25 00:00:00+00:00,2024-10-26 00:00:00+00:00,306656,172452104
2024-12-25 00:00:00+00:00,2024-11-25 00:00:00+00:00,1022741,173474845
2025-01-24 00:00:00+00:00,2024-12-25 00:00:00+00:00,1130434,174605279
2025-02-23 00:00:00+00:00,2025-01-24 00:00:00+00:00,1388398,175993677
2025-03-25 00:00:00+00:00,2025-02-23 00:00:00+00:00,258071,176251748
2025-04-24 00:00:00+00:00,2025-03-25 00:00:00+00:00,21375,176273123
2025-05-24 00:00:00+00:00,2025-04-24 00:00:00+00:00,26023,176299146
2025-06-23 00:00:00+00:00,2025-05-24 00:00:00+00:00,28088,176327234
2025-07-23 00:00:00+00:00,2025-06-23 00:00:00+00:00,,
2025-08-22 00:00:00+00:00,2025-07-23 00:00:00+00:00,,
